;
Alverstone;Sample
Amandawe;Sample
Amanzimtoti;Sample
Arena Park;Sample
Asherville;Sample
Assagay;Sample
Athlone Park;Sample
Avoca;Sample
Bellaire;Sample
Berea;Sample
Berea West;Sample
Bluff;Sample
Bothas Hill;Sample
Canelands;Sample
Cato Manor;Sample
Cato Ridge;Sample
Chatsworth;Sample
Chiltern Hills;Sample
Clansthal;Sample
Clermont;Sample
Cliffdale;Sample
Clifton Canyon;Sample
Cowies Hill;Sample
Craigieburn;Sample
Crestholm;Sample
Dassenhoek;Sample
Drummond;Sample
Durban North;Sample
Emberton;Sample
Escombe;Sample
Essenwood;Sample
Everton;Sample
Forest Hills;Sample
Fredville;Sample
Gillitts;Sample
Glen Anil;Sample
Glen Ashley;Sample
Glen Park;Sample
Glenwood;Sample
Greyville;Sample
Hammarsdale;Sample
Harrison;Sample
Hillary;Sample
Hillcrest;Sample
Inanda;Sample
Inchanga;Sample
Inner West;Sample
Isipingo;Sample
Isipingo Beach;Sample
Jacobs Ladder;Sample
Kingsborough;Sample
Klaarwater;Sample
Kloof;Sample
KwaDabeka;Sample
KwaMakhutha;Sample
KwaNdengezi;Sample
KwaXimba;Sample
La Lucia;Sample
Lovu;Sample
Lower Illovo;Sample
Magabeni;Sample
Malvern;Sample
Manor Gardens;Sample
Marianhill;Sample
Marianridge;Sample
Maryvale;Sample
Mayville;Sample
Memorial Park;Sample
Merebank;Sample
Merewent;Sample
Molweni;Sample
Montclair;Sample
Monteseel;Sample
Morningside;Sample
Moseley;Sample
Mount Edgecombe;Sample
Mount Vernon;Sample
Mpumalanga;Sample
Nazareth;Sample
New Germany;Sample
Newlands;Sample
North;Sample
North Park;Sample
Northdene;Sample
Ntuzuma;Sample
Outer West;Sample
Overport;Sample
Parkgate;Sample
Peacevale;Sample
Phoenix;Sample
Pinetown;Sample
Poets Corner;Sample
Prospecton;Sample
Puntans Hill;Sample
Queensburgh;Sample
Redcliffe;Sample
Reservoir Hills;Sample
Reunion;Sample
Rossburgh;Sample
Sarnia;Sample
Sarnia;Sample
Savanna Park;Sample
Seaview;Sample
Shallcross;Sample
Shallcross;Sample
Shongweni;Sample
South;Sample
South Central;Sample
Springfield;Sample
St Wendolins Ridge;Sample
Stamford Hill;Sample
Summerveld;Sample
Sunningdale;Sample
Sydenham;Sample
Thornwood;Sample
Tongaat;Sample
Treasure Beach;Sample
Umbilo;Sample
Umbogintwini;Sample
Umdloti;Sample
Umhlanga;Sample
Umhlatuzana;Sample
Umkomaas;Sample
Umlazi;Sample
Verulam;Sample
Warner Beach;Sample
Waterfall;Sample
Welbedacht;Sample
Wentworth;Sample
Westville;Sample
Widenham;Sample
Windermere;Sample
Winston Park;Sample
Woodhaven;Sample
Woodlands;Sample
Wyebank;Sample
Yellowwood Park;Sample